{"mean":{"confidence_interval":{"confidence_level":0.95,"lower_bound":52643.28831833277,"upper_bound":53014.34206886204},"point_estimate":52816.82462131683,"standard_error":94.63889480714892},"median":{"confidence_interval":{"confidence_level":0.95,"lower_bound":52358.398656215,"upper_bound":52679.83645554565},"point_estimate":52508.83690708253,"standard_error":81.29676286279006},"median_abs_dev":{"confidence_interval":{"confidence_level":0.95,"lower_bound":324.6208280623435,"upper_bound":765.4040808273762},"point_estimate":536.11913709139,"standard_error":120.82400670301926},"slope":{"confidence_interval":{"confidence_level":0.95,"lower_bound":52512.31912454186,"upper_bound":52950.473922891295},"point_estimate":52708.301551803255,"standard_error":112.48279815770415},"std_dev":{"confidence_interval":{"confidence_level":0.95,"lower_bound":625.8734428639574,"upper_bound":1277.92957656099},"point_estimate":952.1424306945597,"standard_error":171.59389417777862}}