{"mean":{"confidence_interval":{"confidence_level":0.95,"lower_bound":2319458.345738636,"upper_bound":2343054.851284091},"point_estimate":2329919.211363636,"standard_error":6060.7814540027675},"median":{"confidence_interval":{"confidence_level":0.95,"lower_bound":2314307.0454545454,"upper_bound":2321429.7727272725},"point_estimate":2317434.2727272725,"standard_error":1906.0056943588847},"median_abs_dev":{"confidence_interval":{"confidence_level":0.95,"lower_bound":16005.340624939374,"upper_bound":28755.734094029154},"point_estimate":21666.14319262164,"standard_error":3445.1614893802994},"slope":null,"std_dev":{"confidence_interval":{"confidence_level":0.95,"lower_bound":21061.57548396969,"upper_bound":87285.47864655084},"point_estimate":60880.50870045686,"standard_error":15654.036837840018}}