{"mean":{"confidence_interval":{"confidence_level":0.95,"lower_bound":1516706.2196596086,"upper_bound":1542225.8021739651},"point_estimate":1528460.646951698,"standard_error":6552.002904738709},"median":{"confidence_interval":{"confidence_level":0.95,"lower_bound":1503700.0,"upper_bound":1514129.9866666668},"point_estimate":1508412.3630672926,"standard_error":2520.926261256751},"median_abs_dev":{"confidence_interval":{"confidence_level":0.95,"lower_bound":13694.657159252734,"upper_bound":22553.460504368944},"point_estimate":18276.177184082073,"standard_error":2144.395016808766},"slope":{"confidence_interval":{"confidence_level":0.95,"lower_bound":1505598.5070420445,"upper_bound":1516579.1366589384},"point_estimate":1510516.0842766366,"standard_error":2799.98646170605},"std_dev":{"confidence_interval":{"confidence_level":0.95,"lower_bound":40258.737815001805,"upper_bound":88125.3550325444},"point_estimate":66099.72180698358,"standard_error":12257.568268692878}}