{"mean":{"confidence_interval":{"confidence_level":0.95,"lower_bound":2687862.418947369,"upper_bound":2707182.232578948},"point_estimate":2696557.632631579,"standard_error":4963.604055700842},"median":{"confidence_interval":{"confidence_level":0.95,"lower_bound":2679700.0,"upper_bound":2699447.3684210526},"point_estimate":2688388.4736842103,"standard_error":4977.632026101506},"median_abs_dev":{"confidence_interval":{"confidence_level":0.95,"lower_bound":23768.125906978312,"upper_bound":35007.38467323189},"point_estimate":29168.203692687148,"standard_error":2802.9025220643157},"slope":null,"std_dev":{"confidence_interval":{"confidence_level":0.95,"lower_bound":26067.270737888583,"upper_bound":73436.06691080413},"point_estimate":50103.16685592481,"standard_error":12933.008129398828}}